n,q,inst,k,logvol,lam1,gh,ours,lam_dense,V,u
64,97,0,2,32.31587549413432,7419641.744332808,5871218.810940831,184920.2775099054,8.94427190999916,7.636703933150627,121447.05702358775
64,97,0,4,40.89845050868793,14734.706444310317,18500.156664599108,18500.156664599108,8.94427190999916,7.636703933150627,241.1823637084375
64,97,0,6,47.972101006958155,2750.618475906828,2256.5938358843478,2256.5938358843478,8.94427190999916,7.636703933150627,45.022998468725866
64,97,0,8,53.43729221493705,762.2532387599281,668.1771364669911,668.1771364669911,8.94427190999916,7.636703933150627,12.47680356329871
64,97,0,10,58.65101823278267,385.606016550572,321.01442333609225,321.01442333609225,8.94427190999916,7.636703933150627,6.311721979895536
64,97,0,12,64.49657287654738,230.22163234587666,210.73899932815115,210.73899932815115,8.94427190999916,7.636703933150627,3.7683409354540665
64,97,0,14,69.68413138200523,150.41276541570534,150.50752909573168,150.50752909573168,8.94427190999916,7.636703933150627,2.4620040061192094
64,97,0,16,74.86454344619264,111.55267813907473,117.85519429450166,117.85519429450166,8.94427190999916,7.636703933150627,1.8259297321785157
64,97,0,18,79.65084440229137,99.75971130671941,95.95646567831709,95.95646567831709,8.94427190999916,7.636703933150627,1.6328986985089615
64,97,0,20,84.27109091998213,86.6371744691619,81.1590030992219,81.1590030992219,8.94427190999916,7.636703933150627,1.4181048399210783
64,97,0,22,88.11166867525687,58.154965394194846,68.59847838370845,68.59847838370845,8.94427190999916,7.636703933150627,0.9518989786573115
64,97,0,24,92.14263345758484,58.154965394194846,60.32291542216226,60.32291542216226,8.94427190999916,7.636703933150627,0.9518989786573115
64,97,0,26,95.5928261867148,56.639209034025185,53.073255344159676,53.073255344159676,8.94427190999916,7.636703933150627,0.9270885962358159
64,97,0,28,98.84640041409536,45.05552130427524,47.34920899990361,47.34920899990361,8.94427190999916,7.636703933150627,0.7374831095109472
64,97,0,30,102.0122708448831,43.034869582700026,42.86346357027739,42.86346357027739,8.94427190999916,7.636703933150627,0.7044084391547408
64,97,0,32,105.36654416628403,40.27406113120453,39.60024046485007,39.60024046485007,8.94427190999916,7.636703933150627,0.6592186479230988
64,97,0,34,108.44508207215696,37.92097045171708,36.694967901554016,36.694967901554016,8.94427190999916,7.636703933150627,0.6207025109207073
64,97,0,36,111.3414185810395,34.92849839314596,34.173033161772004,34.173033161772004,8.94427190999916,7.636703933150627,0.5717207760523938
64,97,0,38,113.78743294615128,33.52610922848042,31.731227715565645,31.731227715565645,8.94427190999916,7.636703933150627,0.5487660239606926
64,97,0,40,115.78829393559762,28.600699292150182,29.392302401479984,29.392302401479984,8.94427190999916,7.636703933150627,0.468145346842564
64,97,0,42,117.91716697561468,27.60434748368452,27.540734116439207,27.540734116439207,8.94427190999916,7.636703933150627,0.45183674339945196
64,97,0,44,119.82880471364055,25.729360660537214,25.858380362320837,25.578780525650206,8.94427190999916,7.636703933150627,0.4211463624517229
64,97,0,46,121.76623000769177,22.80350850198276,24.449536660178968,23.473930493287266,8.94427190999916,7.636703933150627,0.3732550833055351
64,97,0,48,123.26716290827106,22.80350850198276,23.035798907667157,21.189071114123735,8.94427190999916,7.636703933150627,0.3732550833055351
64,97,0,50,124.75500482098323,21.447610589527216,21.819569660377056,19.065753012828473,8.94427190999916,7.636703933150627,0.35106131482366354
64,97,0,52,125.94734845836703,18.920887928424502,20.651936655003794,16.842546595467958,8.94427190999916,7.636703933150627,0.309703114295974
64,97,0,54,126.99552051482405,16.3707055437449,19.58793724469467,14.642894019477792,8.94427190999916,7.636703933150627,0.26796091754782325
64,97,0,56,127.91101744325317,14.491376746189438,18.617038509445603,12.497023518607104,8.94427190999916,7.636703933150627,0.23719946578135218
64,97,0,58,128.7377187721218,11.74734012447073,17.739974427054193,10.520615980215082,8.94427190999916,7.636703933150627,0.1922842011963433
64,97,0,60,129.32640587850668,8.94427190999916,16.901106517561253,8.94427190999916,8.94427190999916,7.636703933150627,0.14640268871712495
64,97,0,62,129.78480090875567,8.94427190999916,16.12692588589908,8.94427190999916,8.94427190999916,7.636703933150627,0.14640268871712495
64,97,0,64,130.1098296144988,8.94427190999916,15.408884540856047,8.94427190999916,8.94427190999916,7.636703933150627,0.14640268871712495
64,97,1,2,38.31743038028784,111963877.93007591,118018299.06386864,922468.3854527557,9.219544457292887,8.012183149330173,1746775.4394043684
64,97,1,4,45.6912073537293,51900.53890857011,61311.560352664965,61311.560352664965,9.219544457292887,8.012183149330173,809.712813930574
64,97,1,6,53.005651877394484,5345.586964964652,5221.484086246985,5221.484086246985,9.219544457292887,8.012183149330173,83.39779036085109
64,97,1,8,59.38906637872513,944.3923972586819,1406.0295415497324,1406.0295415497324,9.219544457292887,8.012183149330173,14.733693358869893
64,97,1,10,65.18092604631327,643.7709219901129,616.7580674976206,616.7580674976206,9.219544457292887,8.012183149330173,10.043625282765984
64,97,1,12,70.70184250392165,375.85236463271053,353.4444040304385,353.4444040304385,9.219544457292887,8.012183149330173,5.863763309381729
64,97,1,14,75.72677419621591,247.42069436488129,231.74333718548175,231.74333718548175,9.219544457292887,8.012183149330173,3.8600698734895666
64,97,1,16,80.54214937853409,189.03703340880062,168.05764989147247,168.05764989147247,9.219544457292887,8.012183149330173,2.949212310264717
64,97,1,18,84.87234591633657,134.11562175973387,128.24955619062845,128.24955619062845,9.219544457292887,8.012183149330173,2.0923701327731457
64,97,1,20,89.06393746905746,108.15729286552988,103.13641806766886,103.13641806766886,9.219544457292887,8.012183149330173,1.6873879885436085
64,97,1,22,93.5478272635339,86.83893136145792,87.82695614690294,87.82695614690294,9.219544457292887,8.012183149330173,1.3547950936555562
64,97,1,24,97.61471336195427,72.60165287374662,75.77098111667398,75.77098111667398,9.219544457292887,8.012183149330173,1.1326758812268318
64,97,1,26,101.33962149778644,71.11961754677819,66.20153992755704,66.20153992755704,9.219544457292887,8.012183149330173,1.109554290966312
64,97,1,28,104.81905863962322,61.28621378417825,58.6073043511339,58.6073043511339,9.219544457292887,8.012183149330173,0.9561409893210854
64,97,1,30,108.3055359669427,55.560777532356404,52.867844632059665,52.867844632059665,9.219544457292887,8.012183149330173,0.8668170787040942
64,97,1,32,111.37567419143838,50.0,47.780638439436,47.780638439436,9.219544457292887,8.012183149330173,0.780062048447121
64,97,1,34,114.20490803691176,43.46262762420146,43.46892336062774,43.46892336062774,9.219544457292887,8.012183149330173,0.6780709267085804
64,97,1,36,116.99386087565428,39.61060464067672,39.982790136967274,39.982790136967274,9.219544457292887,8.012183149330173,0.6179745879247064
64,97,1,38,119.7184493145946,38.28837943815329,37.091234525665115,37.091234525665115,9.219544457292887,8.012183149330173,0.5973462339249297
64,97,1,40,121.72595871518197,34.9857113690718,34.0958077372018,34.0958077372018,9.219544457292887,8.012183149330173,0.5458205135387576
64,97,1,42,123.62410178868475,31.984371183438952,31.54911537057995,31.54911537057995,9.219544457292887,8.012183149330173,0.4989958820729291
64,97,1,44,125.29662939188039,30.133038346638727,29.279964687630542,29.279964687630542,9.219544457292887,8.012183149330173,0.4701127923722931
64,97,1,46,126.8985887490621,25.88435821108957,27.3354469037643,27.146555809123694,9.219544457292887,8.012183149330173,0.4038281097776317
64,97,1,48,128.35404828245015,25.553864678361276,25.61111043634032,24.632655353937878,9.219544457292887,8.012183149330173,0.3986720005348605
64,97,1,50,129.7355154277193,24.08318915758459,24.104956182735204,22.260658608780254,9.219544457292887,8.012183149330173,0.3757276373480986
64,97,1,52,130.6356855089974,20.074859899884732,22.600441187358033,19.66389044394725,9.219544457292887,8.012183149330173,0.313192726715861
64,97,1,54,131.359239698691,14.730919862656235,21.23654555701873,17.068411735206197,9.219544457292887,8.012183149330173,0.22982063047148008
64,97,1,56,132.00772958191612,14.730919862656235,20.030032739548822,14.557317365705103,9.219544457292887,8.012183149330173,0.22982063047148008
64,97,1,58,132.56083476436135,12.884098726725126,18.948718962285074,12.151304421843673,9.219544457292887,8.012183149330173,0.2010079289032829
64,97,1,60,132.84053826598435,9.219544457292887,17.92054763954343,9.772829279453141,9.219544457292887,8.012183149330173,0.1438363347021038
64,97,1,62,133.09318835125526,9.219544457292887,17.010850040008723,9.219544457292887,9.219544457292887,8.012183149330173,0.1438363347021038
64,97,1,64,133.18164972284842,9.219544457292887,16.166504050561823,9.219544457292887,9.219544457292887,8.012183149330173,0.1438363347021038
64,97,2,2,43.88448084303182,2154155158.596699,1909057455.848982,1864370.817809555,9.433981132056603,8.687878345569464,30993688.4604175
64,97,2,4,53.64313405748163,538777.1154382859,447622.4303198062,255784.24589697397,9.433981132056603,8.687878345569464,7751.851113814294
64,97,2,6,60.32745145518308,12071.453309357577,17691.45224332326,17691.45224332326,9.433981132056603,8.687878345569464,173.68241170632913
64,97,2,8,66.77951997010193,3185.4184968383665,3541.592565175101,3541.592565175101,9.433981132056603,8.687878345569464,45.83136368476583
64,97,2,10,72.22871450174948,1261.491973815133,1247.9477505774323,1247.9477505774323,9.433981132056603,8.687878345569464,18.150173201643256
64,97,2,12,77.48218852176328,719.4935718962331,621.8849046676294,621.8849046676294,9.433981132056603,8.687878345569464,10.351974660521568
64,97,2,14,83.0765676478188,401.6702627778163,391.74679523598843,391.74679523598843,9.433981132056603,8.687878345569464,5.779176554979259
64,97,2,16,87.65883886728106,241.0808992848666,262.1980587760149,262.1980587760149,9.433981132056603,8.687878345569464,3.468638856571496
64,97,2,18,92.50425783883509,200.53677966896745,195.97226230200218,195.97226230200218,9.433981132056603,8.687878345569464,2.8852956339339557
64,97,2,20,96.73261912499817,154.57037232277082,151.3335955345633,151.3335955345633,9.433981132056603,8.687878345569464,2.2239372804062785
64,97,2,22,101.30207155164149,124.11285187280163,124.94006228676626,124.94006228676626,9.433981132056603,8.687878345569464,1.7857186607604714
64,97,2,24,105.58865498837818,108.83933112620639,105.63216864931826,105.63216864931826,9.433981132056603,8.687878345569464,1.5659653427023255
64,97,2,26,109.06697439406362,89.44271909999159,89.11339011358841,89.11339011358841,9.433981132056603,8.687878345569464,1.2868895537885334
64,97,2,28,112.28276789874809,78.07688518377255,76.5099181473775,76.5099181473775,9.433981132056603,8.687878345569464,1.123359496964947
64,97,2,30,115.32893237954707,64.81512169239521,66.81372448856058,66.81372448856058,9.433981132056603,8.687878345569464,0.9325510658975907
64,97,2,32,118.29632509601979,59.782940710540494,59.31669759158779,59.31669759158779,9.433981132056603,8.687878345569464,0.8601487373069032
64,97,2,34,121.0311822974562,56.28498911788115,53.13410759597184,53.13410759597184,9.433981132056603,8.687878345569464,0.8098206903786911
64,97,2,36,123.6312576831795,46.57252408878007,48.07783444243636,48.07783444243636,9.433981132056603,8.687878345569464,0.6700790779449989
64,97,2,38,125.99428120596421,45.31004303683677,43.75186088306352,43.75186088306352,9.433981132056603,8.687878345569464,0.6519146740231379
64,97,2,40,128.17001780986874,39.63584236521283,40.055897409233395,40.055897409233395,9.433981132056603,8.687878345569464,0.5702750543437602
64,97,2,42,129.940521392856,36.6333181680284,36.66917531930806,36.66917531930806,9.433981132056603,8.687878345569464,0.5270751487143895
64,97,2,44,131.5841616480206,34.0147027033899,33.77773789859684,33.77773789859684,9.433981132056603,8.687878345569464,0.48939886918329567
64,97,2,46,133.1844739909641,30.331501776206203,31.33807965639918,31.33807965639918,9.433981132056603,8.687878345569464,0.43640548028153336
64,97,2,48,134.4947091423457,28.124722220850465,29.10635960230236,28.696749612848894,9.433981132056603,8.687878345569464,0.40465463923066386
64,97,2,50,135.47243013114036,24.1039415863879,27.035633743615435,25.630491712365007,9.433981132056603,8.687878345569464,0.3468041998809774
64,97,2,52,136.25808402068955,22.090722034374522,25.181068846650046,22.60386861124168,9.433981132056603,8.687878345569464,0.31783827356480066
64,97,2,54,136.7972261969882,13.564659966250536,23.486528424915246,19.525394914320213,9.433981132056603,8.687878345569464,0.19516646393259052
64,97,2,56,137.3702352187267,13.564659966250536,22.042927748820713,16.627975940418807,9.433981132056603,8.687878345569464,0.19516646393259052
64,97,2,58,137.76551146204406,13.564659966250536,20.727724115912242,13.728538463476301,9.433981132056603,8.687878345569464,0.19516646393259052
64,97,2,60,138.10934666269205,12.165525060596439,19.56537535691832,11.055550274030729,9.433981132056603,8.687878345569464,0.17503590313854447
64,97,2,62,138.1969026052885,9.433981132056603,18.470398138898595,9.433981132056603,9.433981132056603,8.687878345569464,0.13573482438418966
64,97,2,64,138.36344067275257,9.433981132056603,17.529881412680766,9.433981132056603,9.433981132056603,8.687878345569464,0.13573482438418966
64,97,3,2,43.44018519680252,2553780589.411613,1528767443.9180634,1492982.519161859,9.38083151964686,8.46622509065226,37705420.096721984
64,97,3,4,51.50383508487388,277847.2557683448,262204.660154006,75307.66728950155,9.38083151964686,8.46622509065226,4102.28957996761
64,97,3,6,58.32367833154076,13688.383688368762,12668.510313779907,12668.510313779907,9.38083151964686,8.46622509065226,202.10281946499387
64,97,3,8,65.0959289359574,2591.638092018251,2869.4708038900703,2869.4708038900703,9.38083151964686,8.46622509065226,38.264369070457
64,97,3,10,70.71084577181216,1239.7507814072956,1072.2009833593345,1072.2009833593345,9.38083151964686,8.46622509065226,18.304361863354703
64,97,3,12,76.03396331607765,561.69208646731,551.1845012363024,551.1845012363024,9.38083151964686,8.46622509065226,8.293130652282771
64,97,3,14,81.48518127613697,374.4142091320787,349.65440257472113,349.65440257472113,9.38083151964686,8.46622509065226,5.528057149482676
64,97,3,16,86.54260728822311,214.15881957089695,244.52943592773443,244.52943592773443,9.38083151964686,8.46622509065226,3.1619585068579483
64,97,3,18,91.32412085127504,177.23430819116257,183.53584047681318,183.53584047681318,9.38083151964686,8.46622509065226,2.61678472833853
64,97,3,20,95.32314710160978,149.97333096254147,141.03569872921062,141.03569872921062,9.38083151964686,8.46622509065226,2.2142886787898277
64,97,3,22,99.18530683947849,116.87600266949585,113.47897106249509,113.47897106249509,9.38083151964686,8.46622509065226,1.7256215346574757
64,97,3,24,102.77732532502746,93.24162160752032,93.9557772017531,93.9557772017531,9.38083151964686,8.46622509065226,1.376670543972283
64,97,3,26,106.21984651573358,75.57777451076474,79.87034932957474,79.87034932957474,9.38083151964686,8.46622509065226,1.1158717979606367
64,97,3,28,109.37753212238118,75.17978451685,68.96933329688108,68.96933329688108,9.38083151964686,8.46622509065226,1.1099956549681393
64,97,3,30,112.57048548439539,58.61740355901138,60.94429718074882,60.94429718074882,9.38083151964686,8.46622509065226,0.8654595603613838
64,97,3,32,115.51681040201561,56.568542494923804,54.38188001701683,54.38188001701683,9.38083151964686,8.46622509065226,0.8352090496238745
64,97,3,34,118.06443329705027,49.95998398718719,48.69428763130377,48.69428763130377,9.38083151964686,8.46622509065226,0.7376366599671008
64,97,3,36,120.44013543470211,44.51965857910413,43.99953051809074,43.99953051809074,9.38083151964686,8.46622509065226,0.6573127058164806
64,97,3,38,122.74356514010273,40.32369030731191,40.16471953341816,40.16471953341816,9.38083151964686,8.46622509065226,0.5953611242842184
64,97,3,40,125.05761844820012,37.603191353926334,37.057320990223175,37.057320990223175,9.38083151964686,8.46622509065226,0.5551941826388012
64,97,3,42,127.00073947568495,35.608987629529715,34.19028997962302,34.19028997962302,9.38083151964686,8.46622509065226,0.525750662902383
64,97,3,44,128.6481652262117,32.49615361854384,31.59739726063564,31.59739726063564,9.38083151964686,8.46622509065226,0.47979107085198364
64,97,3,46,130.3533791488628,29.597297173897484,29.467513536242578,29.467513536242578,9.38083151964686,8.46622509065226,0.4369907611861231
64,97,3,48,131.9164548596057,25.534290669607408,27.584197721803953,26.825321715104685,9.38083151964686,8.46622509065226,0.3770023002607201
64,97,3,50,133.0685423119231,25.37715508089904,25.76657238269202,24.026463542112197,9.38083151964686,8.46622509065226,0.37468226407242733
64,97,3,52,134.03828107422527,21.6794833886788,24.128747157459674,21.260373955677316,9.38083151964686,8.46622509065226,0.32008780708853907
64,97,3,54,134.99967476076307,17.320508075688775,22.717578514389437,18.65975147505123,9.38083151964686,8.46622509065226,0.2557295000166709
64,97,3,56,135.75628084780345,15.874507866387544,21.41670445763119,16.042194883320015,9.38083151964686,8.46622509065226,0.234379958251921
64,97,3,58,136.3064235857736,13.784048752090222,20.212787444327656,13.419558744789867,9.38083151964686,8.46622509065226,0.20351527104018122
64,97,3,60,136.6453056659441,9.38083151964686,19.0937442900086,10.866024964725405,9.38083151964686,8.46622509065226,0.13850375195558579
64,97,3,62,136.78017613425618,9.38083151964686,18.0531272208302,9.38083151964686,9.38083151964686,8.46622509065226,0.13850375195558579
64,97,3,64,136.70942267833018,9.38083151964686,17.08264272920923,9.38083151964686,9.38083151964686,8.46622509065226,0.13850375195558579
64,97,4,2,39.85520315266576,280624954.6347064,254608246.4545723,15916901.365658186,9.591663046625438,8.208868121464961,4273198.059743982
64,97,4,4,48.08209334564252,58110.41151119135,111462.68928385896,74360.37326503915,9.591663046625438,8.208868121464961,884.8724734540642
64,97,4,6,55.16465347723455,7961.512293528159,7482.861476525261,7482.861476525261,9.591663046625438,8.208868121464961,121.233405381279
64,97,4,8,61.88427607028971,1947.9327503792322,1920.6641077231507,1920.6641077231507,9.591663046625438,8.208868121464961,29.66201797793656
64,97,4,10,67.6555998449125,753.1865638737855,789.9299067128342,789.9299067128342,9.591663046625438,8.208868121464961,11.469098917308639
64,97,4,12,72.98241853783763,485.1453390480012,427.423020388591,427.423020388591,9.591663046625438,8.208868121464961,7.387518776483611
64,97,4,14,77.8289962074636,261.4192035792321,269.2900816739378,269.2900816739378,9.591663046625438,8.208868121464961,3.9807437473575074
64,97,4,16,82.58826228199123,197.6916791369834,190.98389996586897,190.98389996586897,9.591663046625438,8.208868121464961,3.010337055788015
64,97,4,18,87.57412727017814,158.7828706126703,149.01947284561757,149.01947284561757,9.591663046625438,8.208868121464961,2.4178557302784056
64,97,4,20,91.84558659412633,122.1720098876989,118.52631642267113,118.52631642267113,9.591663046625438,8.208868121464961,1.8603662539089492
64,97,4,22,95.80589394313935,96.40539403996023,97.32032580372024,97.32032580372024,9.591663046625438,8.208868121464961,1.4680068039446654
64,97,4,24,99.71758662256583,88.43076387773658,82.70955253715817,82.70955253715817,9.591663046625438,8.208868121464961,1.3465736470796652
64,97,4,26,103.54397618270508,73.55270219373317,72.05909864996649,72.05909864996649,9.591663046625438,8.208868121464961,1.1200189402696679
64,97,4,28,107.07829336578278,61.85466837676846,63.53216359372298,63.53216359372298,9.591663046625438,8.208868121464961,0.9418878988783447
64,97,4,30,110.47614788284268,58.05170109479997,56.834812415979755,56.834812415979755,9.591663046625438,8.208868121464961,0.8839784644457171
64,97,4,32,113.61325179808611,50.65570056765576,51.24124653330555,51.24124653330555,9.591663046625438,8.208868121464961,0.7713563523331354
64,97,4,34,116.44406511939292,46.475800154489,46.42805167558516,46.42805167558516,9.591663046625438,8.208868121464961,0.7077071934095539
64,97,4,36,118.9532002010142,43.42810150121693,42.21920478983876,42.21920478983876,9.591663046625438,8.208868121464961,0.6612985623995308
64,97,4,38,121.18306058135298,37.841775856849004,38.548726995588204,38.548726995588204,9.591663046625438,8.208868121464961,0.5762331556694525
64,97,4,40,123.2004386936456,36.359317925395686,35.37609947109076,35.37609947109076,9.591663046625438,8.208868121464961,0.5536591249151864
64,97,4,42,125.04874860320864,33.015148038438355,32.637623299880474,32.637623299880474,9.591663046625438,8.208868121464961,0.5027359976722717
64,97,4,44,126.91334549811778,31.496031496047245,30.375824062971663,30.375824062971663,9.591663046625438,8.208868121464961,0.4796037503284076
64,97,4,46,128.5865696633666,28.42534080710379,28.357158951235167,28.302289741561538,9.591663046625438,8.208868121464961,0.4328450096057668
64,97,4,48,130.05687634424717,26.68332812825267,26.535987839342226,25.693172836888074,9.591663046625438,8.208868121464961,0.40631862598815177
64,97,4,50,131.28152607114768,24.24871130596428,24.86192913316632,23.090698946581544,9.591663046625438,8.208868121464961,0.3692456582801825
64,97,4,52,132.2338291244566,21.817424229271428,23.305816362673443,20.44160411270531,9.591663046625438,8.208868121464961,0.33222339405450624
64,97,4,54,132.95232399794827,20.09975124224178,21.87238988727237,17.748517448068164,9.591663046625438,8.208868121464961,0.306067641494994
64,97,4,56,133.65773388984303,17.4928556845359,20.62898543660622,15.200648572914023,9.591663046625438,8.208868121464961,0.2663713106621043
64,97,4,58,134.14244206176517,13.856406460551018,19.47254295309438,12.631636586438873,9.591663046625438,8.208868121464961,0.21099751901724717
64,97,4,60,134.32679406750145,12.727922061357855,18.369999965472836,10.046026071493266,9.591663046625438,8.208868121464961,0.19381359696954206
64,97,4,62,134.42080103708383,9.591663046625438,17.37903310998286,9.591663046625438,9.591663046625438,8.208868121464961,0.14605641887376464
64,97,4,64,134.73376307976653,9.591663046625438,16.56336322607473,9.591663046625438,9.591663046625438,8.208868121464961,0.14605641887376464
64,97,5,2,48.17537285322753,15504427225.393198,16314522249.912663,1019661530.319593,9.695359714832659,8.668726198710626,223568418.09842986
64,97,5,4,54.84426670409189,326786.49083155196,604398.1982001816,40315.279339546185,9.695359714832659,8.668726198710626,4712.146908045119
64,97,5,6,61.81445533516546,22809.800481372036,22667.123683802085,22667.123683802085,9.695359714832659,8.668726198710626,328.90934548095333
64,97,5,8,68.57635783667786,4204.368680313371,4433.464073870022,4433.464073870022,9.695359714832659,8.668726198710626,60.625525941439975
64,97,5,10,74.55972438713202,1322.574005490808,1575.5452314729728,1575.5452314729728,9.695359714832659,8.668726198710626,19.07105460441705
64,97,5,12,80.24939376375451,793.2578395452515,783.1744528290086,783.1744528290086,9.695359714832659,8.668726198710626,11.4385006136086
64,97,5,14,85.23699991456296,419.07517225433435,457.11376152767315,457.11376152767315,9.695359714832659,8.668726198710626,6.042917417276759
64,97,5,16,89.60292048877784,280.28556866167764,296.07277010115865,296.07277010115865,9.695359714832659,8.668726198710626,4.041619873508159
64,97,5,18,93.97078455253978,190.26823171512368,212.60730734862793,212.60730734862793,9.695359714832659,8.668726198710626,2.743601357247618
64,97,5,20,98.07931656753446,167.6007159889241,161.87452759310628,161.87452759310628,9.695359714832659,8.668726198710626,2.4167437081738257
64,97,5,22,102.20613842937348,131.46862743635836,130.18129678701789,130.18129678701789,9.695359714832659,8.668726198710626,1.8957316280204006
64,97,5,24,106.0680115036028,108.71982339941506,107.76319063504396,107.76319063504396,9.695359714832659,8.668726198710626,1.567701829935318
64,97,5,26,109.26388025596056,85.22910301065006,89.79083477181008,89.79083477181008,9.695359714832659,8.668726198710626,1.2289738575335167
64,97,5,28,112.59744715033796,77.31752712031083,77.37462822245139,77.37462822245139,9.695359714832659,8.668726198710626,1.1148917001757843
64,97,5,30,116.01161307184039,71.10555533852471,68.35157041133121,68.35157041133121,9.695359714832659,8.668726198710626,1.0253172396467667
64,97,5,32,119.15213365032798,65.02307282803544,60.92446766720159,60.92446766720159,9.695359714832659,8.668726198710626,0.9376099691224946
64,97,5,34,121.6950688483932,55.731499172371095,54.18180357506011,54.18180357506011,9.695359714832659,8.668726198710626,0.8036287266268215
64,97,5,36,123.98473452120713,49.193495504995376,48.552226302401515,48.552226302401515,9.695359714832659,8.668726198710626,0.7093530003334334
64,97,5,38,126.27949743221417,41.593268686170845,44.08148427303534,44.08148427303534,9.695359714832659,8.668726198710626,0.5997603876962536
64,97,5,40,128.61594795861166,41.593268686170845,40.504949136970765,40.504949136970765,9.695359714832659,8.668726198710626,0.5997603876962536
64,97,5,42,130.39355969777478,37.70941526992961,37.066852954654706,37.066852954654706,9.695359714832659,8.668726198710626,0.543756579766276
64,97,5,44,131.91616539863605,33.25657829663178,34.03357315754437,34.03357315754437,9.695359714832659,8.668726198710626,0.479548227938874
64,97,5,46,133.20157846184154,31.016124838541646,31.349734459426998,31.349734459426998,9.695359714832659,8.668726198710626,0.4472416726455575
64,97,5,48,134.6780295552933,28.460498941515414,29.217734435715407,28.88263056269474,9.695359714832659,8.668726198710626,0.4103904410106497
64,97,5,50,135.70882934276125,25.13961017995307,27.16376044550497,25.872259215206846,9.695359714832659,8.668726198710626,0.36250438651085065
64,97,5,52,136.66674524713932,22.93468988235943,25.379743242172502,23.012325357907926,9.695359714832659,8.668726198710626,0.330710206964587
64,97,5,54,137.14400954000084,20.199009876724155,23.63784222703681,19.90968457681854,9.695359714832659,8.668726198710626,0.2912626580553514
64,97,5,56,137.61640227138565,16.792855623746664,22.140038222005735,16.952076561943013,9.695359714832659,8.668726198710626,0.2421471049899524
64,97,5,58,137.99981170737678,15.684387141358123,20.811626415783348,14.0776740276561,9.695359714832659,8.668726198710626,0.22616337714777224
64,97,5,60,138.1257037309496,9.695359714832659,19.570709953708278,11.193589436591854,9.695359714832659,8.668726198710626,0.13980369624943761
64,97,5,62,138.09112218515173,9.695359714832659,18.43891199868706,9.695359714832659,9.695359714832659,8.668726198710626,0.13980369624943761
64,97,5,64,138.22219900381606,9.695359714832659,17.491237355998635,9.695359714832659,9.695359714832659,8.668726198710626,0.13980369624943761
64,193,0,2,20.795403703114825,28656.191931238875,18496.50193573314,18496.50193573314,9.9498743710662,8.502384275589092,421.29641231214254
64,193,0,4,29.226396209960424,1226.804385385054,999.7656531867601,999.7656531867601,9.9498743710662,8.502384275589092,18.036181758264128
64,193,0,6,36.99934147324964,392.17470596661383,362.4253592181838,362.4253592181838,9.9498743710662,8.502384275589092,5.765657803373069
64,193,0,8,44.465962162611696,231.08440016582685,217.70415548740954,217.70415548740954,9.9498743710662,8.502384275589092,3.397347036367279
64,193,0,10,51.22762879628115,184.9918917142046,152.8026334159701,152.8026334159701,9.9498743710662,8.502384275589092,2.719706110045634
64,193,0,12,57.35839516320998,124.370414488334,116.25339577520118,116.25339577520118,9.9498743710662,8.502384275589092,1.8284637940531825
64,193,0,14,63.42007726050959,88.84818512496471,96.21455762653444,96.21455762653444,9.9498743710662,8.502384275589092,1.306224557799242
64,193,0,16,69.20586766686125,84.91760712596653,82.74714131976279,82.74714131976279,9.9498743710662,8.502384275589092,1.2484381494284285
64,193,0,18,74.4918534707498,58.06031346797914,72.04450109033665,72.04450109033665,9.9498743710662,8.502384275589092,0.8535887050335126
64,193,0,20,79.78411048558976,58.06031346797914,64.84898181410347,64.84898181410347,9.9498743710662,8.502384275589092,0.8535887050335126
64,193,0,22,84.65004448494473,58.06031346797914,58.611082472043265,58.611082472043265,9.9498743710662,8.502384275589092,0.8535887050335126
64,193,0,24,89.25873125182747,55.11805511808268,53.49292826597097,53.49292826597097,9.9498743710662,8.502384275589092,0.8103323334304335
64,193,0,26,93.71944885924741,51.45872132107443,49.38368771166612,49.38368771166612,9.9498743710662,8.502384275589092,0.7565336918024251
64,193,0,28,98.07552018405562,48.620983124572874,46.06339856692115,46.06339856692115,9.9498743710662,8.502384275589092,0.7148139502493279
64,193,0,30,101.98780030558576,42.60281680828159,42.8285147568298,42.8285147568298,9.9498743710662,8.502384275589092,0.6263363226624132
64,193,0,32,105.55160849362454,39.03844259188627,39.82992247586102,39.82992247586102,9.9498743710662,8.502384275589092,0.573933753852555
64,193,0,34,108.73241808689926,37.749172176353746,37.00639333361004,37.00639333361004,9.9498743710662,8.502384275589092,0.5549792116067683
64,193,0,36,111.88568878459202,35.7211421989835,34.69360741949252,34.69360741949252,9.9498743710662,8.502384275589092,0.525163604718815
64,193,0,38,114.63489705447819,33.49626844888845,32.44683762051383,32.44683762051383,9.9498743710662,8.502384275589092,0.49245404822883704
64,193,0,40,117.52579155087325,28.861739379323623,30.697163536168194,30.697163536168194,9.9498743710662,8.502384275589092,0.4243183212470705
64,193,0,42,119.95474707334476,26.1725046566048,28.909780433374443,28.63464305944021,9.9498743710662,8.502384275589092,0.38478184189680464
64,193,0,44,122.04867649432602,27.313000567495326,27.196447870042075,26.011015653170674,9.9498743710662,8.502384275589092,0.4015491373095303
64,193,0,46,124.39496684171759,24.228082879171435,25.88743505945726,23.862485420714567,9.9498743710662,8.502384275589092,0.3561954225700528
64,193,0,48,126.42337081595345,22.9128784747792,24.601411307960475,21.586053720769524,9.9498743710662,8.502384275589092,0.3368596050840055
64,193,0,50,128.32237319195957,19.493588689617926,23.433218867065946,19.361407263700222,9.9498743710662,8.502384275589092,0.28659003253924475
64,193,0,52,130.0620660050982,19.493588689617926,22.352502497201804,17.152433955507483,9.9498743710662,8.502384275589092,0.28659003253924475
64,193,0,54,131.47515791424354,17.05872210923198,21.282181604124776,14.764009301931976,9.9498743710662,8.502384275589092,0.2507932121788576
64,193,0,56,132.73102384996184,16.64331697709324,20.290417966872837,12.432043303844246,9.9498743710662,8.502384275589092,0.24468602626085284
64,193,0,58,134.14399890718602,14.0,19.47306564527028,10.692179190794137,9.9498743710662,8.502384275589092,0.20582461851605152
64,193,0,60,135.13817915741774,9.9498743710662,18.620106326657687,9.9498743710662,9.9498743710662,8.502384275589092,0.1462806497648099
64,193,0,62,136.0747127598334,9.9498743710662,17.84887500805934,9.9498743710662,9.9498743710662,8.502384275589092,0.1462806497648099
64,193,0,64,136.98218413908083,9.9498743710662,17.15560257034756,9.9498743710662,9.9498743710662,8.502384275589092,0.1462806497648099
64,193,1,2,25.51258655189091,150090.42020728704,195619.8145868099,65206.60486221066,9.433981132056603,8.19306259788797,2289.90103538904
64,193,1,4,34.347327539178316,3223.479176293838,3596.634179654828,3596.634179654828,9.433981132056603,8.19306259788797,49.18000957793236
64,193,1,6,42.00492466440818,931.0606854550352,834.7083752754512,834.7083752754512,9.433981132056603,8.19306259788797,14.205016047586508
64,193,1,8,48.90440905119077,314.9095108122332,379.1541752685506,379.1541752685506,9.433981132056603,8.19306259788797,4.804514597713
64,193,1,10,55.8489585389919,238.81373494839028,242.56751530407163,242.56751530407163,9.433981132056603,8.19306259788797,3.643535797742354
64,193,1,12,61.46009519379465,175.57619428612753,163.62555087104596,163.62555087104596,9.433981132056603,8.19306259788797,2.6787326501598443
64,193,1,14,66.716411974845,133.08268106707197,121.75771804223153,121.75771804223153,9.433981132056603,8.19306259788797,2.030417189497893
64,193,1,16,72.23552748674976,102.44022647378324,99.99730207945919,99.99730207945919,9.433981132056603,8.19306259788797,1.5629110794935
64,193,1,18,77.3721234547862,74.3706931526122,84.5462733342999,84.5462733342999,9.433981132056603,8.19306259788797,1.1346595406793256
64,193,1,20,82.54120861416878,74.3706931526122,74.43424486883112,74.43424486883112,9.433981132056603,8.19306259788797,1.1346595406793256
64,193,1,22,87.0763650647102,62.7933117457584,65.44506565588384,65.44506565588384,9.433981132056603,8.19306259788797,0.9580256313729593
64,193,1,24,91.75582875654308,52.03844732503075,59.35849190265675,59.35849190265675,9.433981132056603,8.19306259788797,0.7939407075085293
64,193,1,26,95.77669667262532,52.03844732503075,53.449916608730064,53.449916608730064,9.433981132056603,8.19306259788797,0.7939407075085293
64,193,1,28,99.5069308569384,50.24937810560445,48.479473767131346,48.479473767131346,9.433981132056603,8.19306259788797,0.7666452182142163
64,193,1,30,103.12391318542281,43.289721643826724,44.481552057713934,44.481552057713934,9.433981132056603,8.19306259788797,0.6604630613799116
64,193,1,32,106.32423357553435,41.036569057366385,40.803300984727,40.803300984727,9.433981132056603,8.19306259788797,0.6260871402951459
64,193,1,34,109.10370624877837,39.42080668885405,37.41272662293903,37.41272662293903,9.433981132056603,8.19306259788797,0.6014357607101656
64,193,1,36,112.03686183569432,34.38022687534217,34.839600916863354,34.839600916863354,9.433981132056603,8.19306259788797,0.5245325918204994
64,193,1,38,114.6687094661964,32.48076353782343,32.475721675249005,32.475721675249005,9.433981132056603,8.19306259788797,0.4955528404328988
64,193,1,40,116.96215628082606,29.966648127543394,30.267646677115334,30.267646677115334,9.433981132056603,8.19306259788797,0.45719545910811604
64,193,1,42,119.70644353500006,28.495613697550013,28.73937035681439,28.73937035681439,9.433981132056603,8.19306259788797,0.43475216619386764
64,193,1,44,121.76523505606463,27.440845468024488,27.021815490453534,26.36392921991505,9.433981132056603,8.19306259788797,0.4186597676413803
64,193,1,46,123.9363595428227,25.98076211353316,25.630626760761412,24.198135126506138,9.433981132056603,8.19306259788797,0.396383553206199
64,193,1,48,125.80996395050799,22.494443758403985,24.289022561505178,21.95035291901221,9.433981132056603,8.19306259788797,0.34319345619614006
64,193,1,50,127.20085094403197,21.840329667841555,22.913452429404156,19.412129255285457,9.433981132056603,8.19306259788797,0.33321376174813455
64,193,1,52,128.52368253622092,17.74823934929885,21.700905458369608,16.955059554803398,9.433981132056603,8.19306259788797,0.2707815169426699
64,193,1,54,129.8923312421014,14.866068747318506,20.66742053413597,14.719816657903493,9.433981132056603,8.19306259788797,0.226808787460484
64,193,1,56,131.30356431529856,13.114877048604,19.779744409366117,12.77892943054847,9.433981132056603,8.19306259788797,0.20009118830583555
64,193,1,58,132.39808346220937,12.727922061357855,18.895622309013163,10.796401574941383,9.433981132056603,8.19306259788797,0.1941874895573069
64,193,1,60,133.26016483397066,11.74734012447073,18.04631923445231,9.433981132056603,9.433981132056603,8.19306259788797,0.17922693718187555
64,193,1,62,133.9678052528655,9.433981132056603,17.252517974072074,9.433981132056603,9.433981132056603,8.19306259788797,0.1439324583960905
64,193,1,64,134.6104173786604,9.433981132056603,16.53147178573116,9.433981132056603,9.433981132056603,8.19306259788797,0.1439324583960905
64,193,2,2,23.663625505239455,137618.48378034108,77609.70864072039,75154.28544132874,9.486832980505138,8.65888092606571,1986.6667089460439
64,193,2,4,30.922645270373128,1103.7309454753909,1527.79862299648,1527.79862299648,9.486832980505138,8.65888092606571,15.933510272569473
64,193,2,6,38.03250019943573,434.3662049469319,430.5277012636662,430.5277012636662,9.486832980505138,8.65888092606571,6.27053034704758
64,193,2,8,44.378508627457016,232.1551205552012,215.337241493609,215.337241493609,9.486832980505138,8.65888092606571,3.3514019094596255
64,193,2,10,50.57640416864783,153.00326793895613,143.16884216685096,143.16884216685096,9.486832980505138,8.65888092606571,2.2087621547949183
64,193,2,12,56.758707827990456,114.91736161259533,110.5865320981095,110.5865320981095,9.486832980505138,8.65888092606571,1.6589522738824884
64,193,2,14,62.63767420507557,97.50897394599124,90.98500751589614,90.98500751589614,9.486832980505138,8.65888092606571,1.4076439954911109
64,193,2,16,68.166716623333,85.9534757877772,77.54376816432672,77.54376816432672,9.486832980505138,8.65888092606571,1.2408282970064966
64,193,2,18,73.33323907712311,64.43601477434805,67.55327409742829,67.55327409742829,9.486832980505138,8.65888092606571,0.9302012483561416
64,193,2,20,78.28200467028522,64.43601477434805,60.156886175028504,60.156886175028504,9.486832980505138,8.65888092606571,0.9302012483561416
64,193,2,22,82.93414087204752,53.87021440462252,54.21340380882588,54.21340380882588,9.486832980505138,8.65888092606571,0.7776728722885218
64,193,2,24,87.68220369413368,51.02940328869229,50.09197496811529,50.09197496811529,9.486832980505138,8.65888092606571,0.7366627934430763
64,193,2,26,91.76405678166962,45.14421336118285,45.8058940458737,45.8058940458737,9.486832980505138,8.65888092606571,0.6517039232126095
64,193,2,28,95.70976783810711,45.14421336118285,42.3313320433093,42.3313320433093,9.486832980505138,8.65888092606571,0.6517039232126095
64,193,2,30,100.05651930302,43.840620433565945,40.15825727803486,40.15825727803486,9.486832980505138,8.65888092606571,0.6328851962496841
64,193,2,32,103.80047644333746,38.157568056677825,37.70887863343591,37.70887863343591,9.486832980505138,8.65888092606571,0.5508443929199417
64,193,2,34,107.2937222826472,33.04542328371661,35.473151268315725,35.473151268315725,9.486832980505138,8.65888092606571,0.4770452378008864
64,193,2,36,110.51237093077161,33.04542328371661,33.395051408972215,33.395051408972215,9.486832980505138,8.65888092606571,0.4770452378008864
64,193,2,38,113.72447823305254,33.04542328371661,31.678702017921747,31.678702017921747,9.486832980505138,8.65888092606571,0.4770452378008864
64,193,2,40,116.66573325311364,27.202941017470888,30.044175039804614,30.034455727535242,9.486832980505138,8.65888092606571,0.39270289731641667
64,193,2,42,119.11921349008156,25.69046515733026,28.34034207038169,27.461281268620006,9.486832980505138,8.65888092606571,0.37086872681195165
64,193,2,44,121.78035751568886,25.45584412271571,27.031104275552256,25.348887620825693,9.486832980505138,8.65888092606571,0.3674817268546553
64,193,2,46,124.11914434037934,23.790754506740637,25.73267478600028,23.098062266196617,9.486832980505138,8.65888092606571,0.34344441720990265
64,193,2,48,126.28866987172295,21.071307505705477,24.5324698928764,20.857219699008155,9.486832980505138,8.65888092606571,0.30418635626277657
64,193,2,50,128.24978757179684,17.26267650163207,23.39922525303405,18.565160589674733,9.486832980505138,8.65888092606571,0.24920478536762286
64,193,2,52,130.2010485334478,14.0,22.412324854729302,16.46841022037821,9.486832980505138,8.65888092606571,0.20210463857194286
64,193,2,54,132.00375088482807,12.0,21.491530707047747,14.436237814340156,9.486832980505138,8.65888092606571,0.17323254734737958
64,193,2,56,133.50057103341334,9.486832980505138,20.571171774618282,12.313729637118,9.486832980505138,8.65888092606571,0.1369523536226699
64,193,2,58,135.005167324477,9.486832980505138,19.764353623707862,10.626990785366623,9.486832980505138,8.65888092606571,0.1369523536226699
64,193,2,60,136.25132386189804,9.486832980505138,18.968778560528566,9.486832980505138,9.486832980505138,8.65888092606571,0.1369523536226699
64,193,2,62,137.32131174026804,9.486832980505138,18.21138442980931,9.486832980505138,9.486832980505138,8.65888092606571,0.1369523536226699
64,193,2,64,138.14947141799962,9.486832980505138,17.47137215357796,9.486832980505138,9.486832980505138,8.65888092606571,0.1369523536226699
64,193,3,2,23.69076064942481,118959.97363819479,78669.85953204107,73428.50261869721,9.219544457292887,8.322501963286582,1786.7219221300297
64,193,3,4,32.05810316137032,1949.9348707072245,2029.3029578589867,2029.3029578589867,9.219544457292887,8.322501963286582,29.287089376924417
64,193,3,6,39.055531835800046,598.7520354871456,510.5644820812804,510.5644820812804,9.219544457292887,8.322501963286582,8.992969273669846
64,193,3,8,45.2836808950868,302.2631304013111,241.1337835067203,241.1337835067203,9.219544457292887,8.322501963286582,4.539847688452008
64,193,3,10,51.818126037934405,169.29264603047588,162.09731020061835,162.09731020061835,9.219544457292887,8.322501963286582,2.5426945943852575
64,193,3,12,57.7204532671874,137.43725841270262,119.8143862073666,119.8143862073666,9.219544457292887,8.322501963286582,2.0642419043423725
64,193,3,14,63.52901106412709,96.82458365518542,96.96612191350886,96.96612191350886,9.219544457292887,8.322501963286582,1.4542589488460314
64,193,3,16,68.83022290532692,73.9932429347437,80.82704865426442,80.82704865426442,9.219544457292887,8.322501963286582,1.1113431282616895
64,193,3,18,73.89565577995756,73.9932429347437,69.69732267150943,69.69732267150943,9.219544457292887,8.322501963286582,1.1113431282616895
64,193,3,20,78.84993847070412,60.83584469702052,61.88962825963671,61.88962825963671,9.219544457292887,8.322501963286582,0.9137252980742502
64,193,3,22,83.34973354046815,55.4346462061408,55.247260555045116,55.247260555045116,9.219544457292887,8.322501963286582,0.8326018793789729
64,193,3,24,87.90145107939395,54.8270006474912,50.551677137108406,50.551677137108406,9.219544457292887,8.322501963286582,0.8234753336399311
64,193,3,26,92.34456209818637,50.556898639058154,46.8401106655761,46.8401106655761,9.219544457292887,8.322501963286582,0.7593404432657694
64,193,3,28,96.38953625526263,42.81354925721529,43.371605054866016,43.371605054866016,9.219544457292887,8.322501963286582,0.6430390381113844
64,193,3,30,100.34085211936984,39.54743986657038,40.54067700305052,40.54067700305052,9.219544457292887,8.322501963286582,0.5939836367871665
64,193,3,32,103.82680796709022,37.603191353926334,37.739920535550546,37.739920535550546,9.219544457292887,8.322501963286582,0.5647819537893614
64,193,3,34,107.29468808433944,32.55764119219941,35.47415893055464,35.47415893055464,9.219544457292887,8.322501963286582,0.4890002029411102
64,193,3,36,110.41977527701667,32.55764119219941,33.309266318651474,33.309266318651474,9.219544457292887,8.322501963286582,0.4890002029411102
64,193,3,38,113.2555905891645,31.11269837220809,31.290215533965707,31.290215533965707,9.219544457292887,8.322501963286582,0.4672978526988774
64,193,3,40,116.04802589678032,30.54504869860253,29.583776386301935,29.583776386301935,9.219544457292887,8.322501963286582,0.45877202602875977
64,193,3,42,118.63778365667412,26.43860813280457,28.017342385104403,27.608978203188656,9.219544457292887,8.322501963286582,0.3970952522666015
64,193,3,44,120.95703048633035,25.25866188063018,26.530001779255148,25.309219084675966,9.219544457292887,8.322501963286582,0.37937302376218746
64,193,3,46,123.24459392834102,24.20743687382041,25.24806732830009,23.188908429728084,9.219544457292887,8.322501963286582,0.36358412681378355
64,193,3,48,125.0281991145961,21.18962010041709,23.896636920753057,20.743051355592947,9.219544457292887,8.322501963286582,0.318257961876906
64,193,3,50,126.82728659705089,15.588457268119896,22.74289737775797,18.4846689567008,9.219544457292887,8.322501963286582,0.23413117438851233
64,193,3,52,128.66521019655852,15.588457268119896,21.760048952570266,16.46111604569876,9.219544457292887,8.322501963286582,0.23413117438851233
64,193,3,54,130.17712531562938,14.594519519326424,20.776707707725958,14.27429524516965,9.219544457292887,8.322501963286582,0.21920270466303085
64,193,3,56,131.72095504309624,9.219544457292887,19.927721654309163,12.410469033807416,9.219544457292887,8.322501963286582,0.13847314933002522
64,193,3,58,132.73951676749772,9.219544457292887,19.007184751444363,10.256062893269865,9.219544457292887,8.322501963286582,0.13847314933002522
64,193,3,60,133.89902646433544,9.219544457292887,18.2394975432301,9.219544457292887,9.219544457292887,8.322501963286582,0.13847314933002522
64,193,3,62,134.82053592088417,9.219544457292887,17.49144357499291,9.219544457292887,9.219544457292887,8.322501963286582,0.13847314933002522
64,193,3,64,135.61362728755688,9.219544457292887,16.792646797087926,9.219544457292887,9.219544457292887,8.322501963286582,0.13847314933002522
64,193,4,2,19.559582530495934,16697.740745382293,9970.90192068578,9970.90192068578,9.486832980505138,8.333729614854322,250.4542011361227
64,193,4,4,27.50449884980231,509.3643097037718,650.0482329439805,650.0482329439805,9.486832980505138,8.333729614854322,7.640101329839518
64,193,4,6,34.65655204090925,316.25306322627137,245.26852778064662,245.26852778064662,9.486832980505138,8.333729614854322,4.743570373680159
64,193,4,8,41.56799749695985,127.75758294520134,151.54634306456802,151.54634306456802,9.486832980505138,8.333729614854322,1.9162726181666894
64,193,4,10,48.77002250708734,127.20062892926276,119.50837852124397,119.50837852124397,9.486832980505138,8.333729614854322,1.9079187051877717
64,193,4,12,54.687532919054085,100.75713374248,93.05590125457594,93.05590125457594,9.486832980505138,8.333729614854322,1.5112851388123851
64,193,4,14,60.69271481136225,82.57118141337206,79.18358912970399,79.18358912970399,9.486832980505138,8.333729614854322,1.2385088254212493
64,193,4,16,66.48046616702118,65.05382386916237,69.78728807656628,69.78728807656628,9.486832980505138,8.333729614854322,0.9757609569131004
64,193,4,18,71.71349870383186,62.14499175315739,61.739934377057025,61.739934377057025,9.486832980505138,8.333729614854322,0.9321305499639089
64,193,4,20,77.16895784266146,56.302753041036986,56.900468671859365,56.900468671859365,9.486832980505138,8.333729614854322,0.844501136392178
64,193,4,22,82.20827524370327,53.72150407425317,52.453879008566666,52.453879008566666,9.486832980505138,8.333729614854322,0.8057842430251477
64,193,4,24,87.07608678478225,50.19960159204453,48.84274950164777,48.84274950164777,9.486832980505138,8.333729614854322,0.7529582178693298
64,193,4,26,91.18878073777817,46.604720790924176,44.803522882973944,44.803522882973944,9.486832980505138,8.333729614854322,0.6990375699832873
64,193,4,28,95.25757744452892,43.520110293977886,41.65318620438684,41.65318620438684,9.486832980505138,8.333729614854322,0.6527706126979175
64,193,4,30,98.8796901788015,40.47221268969612,38.61344154841027,38.61344154841027,9.486832980505138,8.333729614854322,0.6070543226162072
64,193,4,32,102.3088511394909,35.21363372331802,35.99148142957957,35.99148142957957,9.486832980505138,8.333729614854322,0.5281793889219787
64,193,4,34,105.87653107801462,35.21363372331802,34.02494778010698,34.02494778010698,9.486832980505138,8.333729614854322,0.5281793889219787
64,193,4,36,108.92979272626108,33.19638534539566,31.958788771510907,31.958788771510907,9.486832980505138,8.333729614854322,0.49792210210158033
64,193,4,38,112.01671447233309,31.144823004794873,30.286541619012194,30.286541619012194,9.486832980505138,8.333729614854322,0.4671501303162225
64,193,4,40,114.94250054226266,27.27636339397171,28.777331662005995,28.704155727774374,9.486832980505138,8.333729614854322,0.40912599542096667
64,193,4,42,117.73629738116233,27.27636339397171,27.422387186718566,26.664781627229914,9.486832980505138,8.333729614854322,0.40912599542096667
64,193,4,44,120.14905180530356,23.108440016582687,26.047273103031426,24.45233589534947,9.486832980505138,8.333729614854322,0.34661011762658794
64,193,4,46,122.63452369459694,23.108440016582687,24.91542812358841,22.524231924640922,9.486832980505138,8.333729614854322,0.34661011762658794
64,193,4,48,124.63355922626673,22.80350850198276,23.700972239969484,20.275273395833437,9.486832980505138,8.333729614854322,0.34203636240695
64,193,4,50,126.60480155529329,19.026297590440446,22.641923107555733,18.181007398208603,9.486832980505138,8.333729614854322,0.28538089291569
64,193,4,52,128.4733491741804,19.026297590440446,21.679910245562336,16.171871032474407,9.486832980505138,8.333729614854322,0.28538089291569
64,193,4,54,130.19490209432044,17.08800749063506,20.78354851763883,14.224512025817269,9.486832980505138,8.333729614854322,0.2563079239482527
64,193,4,56,131.6642711301865,12.727922061357855,19.907560766035434,12.257288345420154,9.486832980505138,8.333729614854322,0.19090975243951963
64,193,4,58,132.80706566388864,9.486832980505138,19.02933410127746,10.256152465528004,9.486832980505138,8.333729614854322,0.14229572800747406
64,193,4,60,133.8881196185522,9.486832980505138,18.236182254785934,9.486832980505138,9.486832980505138,8.333729614854322,0.14229572800747406
64,193,4,62,135.01934380545418,9.486832980505138,17.547621287846745,9.486832980505138,9.486832980505138,8.333729614854322,0.14229572800747406
64,193,4,64,135.69990968652576,9.486832980505138,16.815301281036337,9.486832980505138,9.486832980505138,8.333729614854322,0.14229572800747406
64,193,5,2,22.275503921074773,22148.843671848877,38769.41794833197,38769.41794833197,9.16515138991168,8.331156486699827,332.31946409853373
64,193,5,4,31.247924957932664,1823.8881544656185,1657.2304620938228,1657.2304620938228,9.16515138991168,8.331156486699827,27.365470768934397
64,193,5,6,38.8963266110525,602.594390946348,497.19521570881085,497.19521570881085,9.16515138991168,8.331156486699827,9.041277641170712
64,193,5,8,45.492677070434105,256.4761197460692,247.51629535833533,247.51629535833533,9.16515138991168,8.331156486699827,3.848147015296096
64,193,5,10,52.08373349542548,145.01724035437994,166.46042290516826,166.46042290516826,9.16515138991168,8.331156486699827,2.1758269783116386
64,193,5,12,58.425904262467405,128.04686642007292,127.06913985320254,127.06913985320254,9.16515138991168,8.331156486699827,1.9212048564999915
64,193,5,14,64.3769998803854,102.33279044372826,103.02094206761308,103.02094206761308,9.16515138991168,8.331156486699827,1.5353929344487796
64,193,5,16,69.85818271066434,87.88629017087932,86.19043062821588,86.19043062821588,9.16515138991168,8.331156486699827,1.3186388094975816
64,193,5,18,75.05421172037752,76.77239087067694,74.33085368720182,74.33085368720182,9.16515138991168,8.331156486699827,1.1518867607582346
64,193,5,20,80.21591217878473,67.37952211169207,66.26430026753768,66.26430026753768,9.16515138991168,8.331156486699827,1.0109569154543443
64,193,5,22,85.02685715243827,62.40192304729078,59.62361067612432,59.62361067612432,9.16515138991168,8.331156486699827,0.9362734205465887
64,193,5,24,89.75666430828488,59.54829972383762,54.61435028257443,54.61435028257443,9.16515138991168,8.331156486699827,0.8934578863526147
64,193,5,26,93.9938274159698,49.15282290977803,49.907594362444456,49.907594362444456,9.16515138991168,8.331156486699827,0.7374849906529701
64,193,5,28,98.17221708236274,49.15282290977803,46.22275170297059,46.22275170297059,9.16515138991168,8.331156486699827,0.7374849906529701
64,193,5,30,101.99565784690355,43.88621651498338,42.83973378680823,42.83973378680823,9.16515138991168,8.331156486699827,0.6584652530690817
64,193,5,32,105.61820465095961,40.59556626036888,39.91290003269549,39.91290003269549,9.16515138991168,8.331156486699827,0.6090926020471643
64,193,5,34,109.31912098345803,40.52159917870962,37.6505159522635,37.6505159522635,9.16515138991168,8.331156486699827,0.6079828059195598
64,193,5,36,112.58970093652553,33.97057550292606,35.37874934395085,35.37874934395085,9.16515138991168,8.331156486699827,0.5096917750428462
64,193,5,38,115.51850114255413,33.075670817082454,33.21015569744997,33.21015569744997,9.16515138991168,8.331156486699827,0.49626469731251754
64,193,5,40,118.55642671848275,33.075670817082454,31.498380649450667,31.498380649450667,9.16515138991168,8.331156486699827,0.49626469731251754
64,193,5,42,121.1338183417368,28.495613697550013,29.73286758472178,29.73286758472178,9.16515138991168,8.331156486699827,0.4275458896829253
64,193,5,44,123.30387173393363,28.495613697550013,27.983457619957914,27.57216952354765,9.16515138991168,8.331156486699827,0.4275458896829253
64,193,5,46,125.22402502326281,23.45207879911715,26.358234267674895,25.098796878823528,9.16515138991168,8.331156486699827,0.3518730988392328
64,193,5,48,127.05390489286798,23.45207879911715,24.926710469252964,22.745861186966337,9.16515138991168,8.331156486699827,0.3518730988392328
64,193,5,50,128.72692002594434,20.97617696340303,23.623584637321585,20.430620343888013,9.16515138991168,8.331156486699827,0.3147248673832107
64,193,5,52,130.2935468887159,18.973665961010276,22.452227703067614,18.19204717691786,9.16515138991168,8.331156486699827,0.2846793538103106
64,193,5,54,131.40195644049805,12.96148139681572,21.253351389079906,15.65601141771782,9.16515138991168,8.331156486699827,0.1944730215052964
64,193,5,56,132.3631458889667,12.96148139681572,20.15756201250268,13.142440532461913,9.16515138991168,8.331156486699827,0.1944730215052964
64,193,5,58,133.2438581681293,9.16515138991168,19.17318319034889,10.82684144257859,9.16515138991168,8.331156486699827,0.13751319226423236
64,193,5,60,134.10052197178143,9.16515138991168,18.30085345695828,9.16515138991168,9.16515138991168,8.331156486699827,0.13751319226423236
64,193,5,62,134.8233865585778,9.16515138991168,17.492247815551963,9.16515138991168,9.16515138991168,8.331156486699827,0.13751319226423236
64,193,5,64,135.68014595070503,9.16515138991168,16.810109376912695,9.16515138991168,9.16515138991168,8.331156486699827,0.13751319226423236
